<?xml version="1.0" encoding="UTF-8"?>
<project version="4">
  <component name="ChangeListManager">
    <list default="true" id="075d9c94-a815-4c0d-aeb4-d189c9972e4e" name="Default" comment="" />
    <ignored path="CSS Assignment.iws" />
    <ignored path=".idea/workspace.xml" />
    <option name="EXCLUDED_CONVERTED_TO_IGNORED" value="true" />
    <option name="TRACKING_ENABLED" value="true" />
    <option name="SHOW_DIALOG" value="false" />
    <option name="HIGHLIGHT_CONFLICTS" value="true" />
    <option name="HIGHLIGHT_NON_ACTIVE_CHANGELIST" value="false" />
    <option name="LAST_RESOLUTION" value="IGNORE" />
  </component>
  <component name="CreatePatchCommitExecutor">
    <option name="PATCH_PATH" value="" />
  </component>
  <component name="ExecutionTargetManager" SELECTED_TARGET="default_target" />
  <component name="FavoritesManager">
    <favorites_list name="CSS Assignment" />
  </component>
  <component name="FileEditorManager">
    <leaf SIDE_TABS_SIZE_LIMIT_KEY="300">
      <file leaf-file-name="page1.html" pinned="false" current-in-tab="false">
        <entry file="file://$PROJECT_DIR$/page1.html">
          <provider selected="true" editor-type-id="text-editor">
            <state relative-caret-position="478">
              <caret line="32" column="7" selection-start-line="32" selection-start-column="7" selection-end-line="32" selection-end-column="7" />
              <folding />
            </state>
          </provider>
        </entry>
      </file>
      <file leaf-file-name="StyleProject.iml" pinned="false" current-in-tab="false">
        <entry file="file://$PROJECT_DIR$/.idea/StyleProject.iml">
          <provider selected="true" editor-type-id="text-editor">
            <state relative-caret-position="119">
              <caret line="7" column="9" selection-start-line="7" selection-start-column="9" selection-end-line="7" selection-end-column="9" />
              <folding />
            </state>
          </provider>
        </entry>
      </file>
      <file leaf-file-name="Styles.css" pinned="false" current-in-tab="false">
        <entry file="file://$PROJECT_DIR$/Styles.css">
          <provider selected="true" editor-type-id="text-editor">
            <state relative-caret-position="272">
              <caret line="16" column="29" selection-start-line="16" selection-start-column="29" selection-end-line="16" selection-end-column="29" />
              <folding />
            </state>
          </provider>
        </entry>
      </file>
      <file leaf-file-name="page2.html" pinned="false" current-in-tab="true">
        <entry file="file://$PROJECT_DIR$/page2.html">
          <provider selected="true" editor-type-id="text-editor">
            <state relative-caret-position="34">
              <caret line="2" column="6" selection-start-line="2" selection-start-column="6" selection-end-line="2" selection-end-column="6" />
              <folding />
            </state>
          </provider>
        </entry>
      </file>
    </leaf>
  </component>
  <component name="FileTemplateManagerImpl">
    <option name="RECENT_TEMPLATES">
      <list>
        <option value="CSS File" />
        <option value="HTML File" />
      </list>
    </option>
  </component>
  <component name="IdeDocumentHistory">
    <option name="CHANGED_PATHS">
      <list>
        <option value="$PROJECT_DIR$/index.html" />
        <option value="$PROJECT_DIR$/styles.css" />
        <option value="$PROJECT_DIR$/page1CSS.html" />
        <option value="$PROJECT_DIR$/page2CSS.html" />
        <option value="$PROJECT_DIR$/styles/styles" />
        <option value="$PROJECT_DIR$/Styles" />
        <option value="$PROJECT_DIR$/page2.html" />
        <option value="$PROJECT_DIR$/page1.html" />
        <option value="$PROJECT_DIR$/Styles.css" />
      </list>
    </option>
  </component>
  <component name="JsBuildToolGruntFileManager" detection-done="true" sorting="DEFINITION_ORDER" />
  <component name="JsBuildToolPackageJson" detection-done="true" sorting="DEFINITION_ORDER" />
  <component name="JsGulpfileManager">
    <detection-done>true</detection-done>
    <sorting>DEFINITION_ORDER</sorting>
  </component>
  <component name="ProjectFrameBounds">
    <option name="x" value="-8" />
    <option name="y" value="-8" />
    <option name="width" value="1382" />
    <option name="height" value="744" />
  </component>
  <component name="ProjectLevelVcsManager" settingsEditedManually="false">
    <OptionsSetting value="true" id="Add" />
    <OptionsSetting value="true" id="Remove" />
    <OptionsSetting value="true" id="Checkout" />
    <OptionsSetting value="true" id="Update" />
    <OptionsSetting value="true" id="Status" />
    <OptionsSetting value="true" id="Edit" />
    <ConfirmationsSetting value="0" id="Add" />
    <ConfirmationsSetting value="0" id="Remove" />
  </component>
  <component name="ProjectView">
    <navigator proportions="" version="1">
      <flattenPackages />
      <showMembers />
      <showModules />
      <showLibraryContents />
      <hideEmptyPackages />
      <abbreviatePackageNames />
      <autoscrollToSource />
      <autoscrollFromSource />
      <sortByType />
      <manualOrder />
      <foldersAlwaysOnTop value="true" />
    </navigator>
    <panes />
  </component>
  <component name="PropertiesComponent">
    <property name="settings.editor.selected.configurable" value="configurable.group.tools" />
    <property name="settings.editor.splitter.proportion" value="0.2" />
    <property name="WebServerToolWindowFactoryState" value="false" />
    <property name="HbShouldOpenHtmlAsHb" value="" />
    <property name="DefaultHtmlFileTemplate" value="HTML File" />
    <property name="list.type.of.created.stylesheet" value="CSS" />
    <property name="last_opened_file_path" value="$PROJECT_DIR$/../StylesProject" />
  </component>
  <component name="RecentsManager">
    <key name="CopyFile.RECENT_KEYS">
      <recent name="C:\Users\jeremiah\Desktop\StylesProject" />
      <recent name="C:\Users\jeremiah\Desktop\MY112Projects" />
    </key>
  </component>
  <component name="RunManager">
    <configuration default="true" type="DartCommandLineRunConfigurationType" factoryName="Dart Command Line Application">
      <method />
    </configuration>
    <configuration default="true" type="DartTestRunConfigurationType" factoryName="Dart Test">
      <method />
    </configuration>
    <configuration default="true" type="JavaScriptTestRunnerKarma" factoryName="Karma">
      <config-file value="" />
      <node-interpreter value="project" />
      <envs />
      <method />
    </configuration>
    <configuration default="true" type="JavascriptDebugType" factoryName="JavaScript Debug">
      <method />
    </configuration>
    <configuration default="true" type="NodeJSConfigurationType" factoryName="Node.js" path-to-node="project" working-dir="">
      <method />
    </configuration>
    <configuration default="true" type="cucumber.js" factoryName="Cucumber.js">
      <option name="cucumberJsArguments" value="" />
      <option name="executablePath" />
      <option name="filePath" />
      <method />
    </configuration>
    <configuration default="true" type="js.build_tools.gulp" factoryName="Gulp.js">
      <node-interpreter>project</node-interpreter>
      <node-options />
      <gulpfile />
      <tasks />
      <arguments />
      <envs />
      <method />
    </configuration>
    <configuration default="true" type="js.build_tools.npm" factoryName="npm">
      <command value="run-script" />
      <scripts />
      <node-interpreter value="project" />
      <envs />
      <method />
    </configuration>
    <configuration default="true" type="mocha-javascript-test-runner" factoryName="Mocha">
      <node-interpreter />
      <node-options />
      <working-directory>$PROJECT_DIR$</working-directory>
      <pass-parent-env>true</pass-parent-env>
      <envs />
      <ui>bdd</ui>
      <extra-mocha-options />
      <test-kind>DIRECTORY</test-kind>
      <test-directory />
      <recursive>false</recursive>
      <method />
    </configuration>
  </component>
  <component name="ShelveChangesManager" show_recycled="false">
    <option name="remove_strategy" value="false" />
  </component>
  <component name="SvnConfiguration">
    <configuration />
  </component>
  <component name="TaskManager">
    <task active="true" id="Default" summary="Default task">
      <changelist id="075d9c94-a815-4c0d-aeb4-d189c9972e4e" name="Default" comment="" />
      <created>1473183819884</created>
      <option name="number" value="Default" />
      <option name="presentableId" value="Default" />
      <updated>1473183819884</updated>
      <workItem from="1473341741578" duration="6894000" />
      <workItem from="1473394200021" duration="11000" />
      <workItem from="1473394302645" duration="551000" />
      <workItem from="1473395218293" duration="44000" />
      <workItem from="1473395581272" duration="203000" />
      <workItem from="1473395953373" duration="12000" />
      <workItem from="1473396008270" duration="30000" />
      <workItem from="1473396421431" duration="540000" />
      <workItem from="1473397060952" duration="11000" />
      <workItem from="1473397264404" duration="176000" />
      <workItem from="1473398832403" duration="173000" />
      <workItem from="1473399121363" duration="198000" />
      <workItem from="1473399356260" duration="439000" />
      <workItem from="1473401121477" duration="42000" />
      <workItem from="1473401219690" duration="82000" />
    </task>
    <servers />
  </component>
  <component name="TimeTrackingManager">
    <option name="totallyTimeSpent" value="9406000" />
  </component>
  <component name="ToolWindowManager">
    <frame x="-8" y="-8" width="1382" height="744" extended-state="6" />
    <editor active="false" />
    <layout>
      <window_info id="Project" active="false" anchor="left" auto_hide="false" internal_type="DOCKED" type="DOCKED" visible="false" show_stripe_button="true" weight="0.10322108" sideWeight="0.5" order="0" side_tool="false" content_ui="tabs" />
      <window_info id="TODO" active="false" anchor="bottom" auto_hide="false" internal_type="DOCKED" type="DOCKED" visible="false" show_stripe_button="true" weight="0.33" sideWeight="0.5" order="6" side_tool="false" content_ui="tabs" />
      <window_info id="Event Log" active="false" anchor="bottom" auto_hide="false" internal_type="DOCKED" type="DOCKED" visible="false" show_stripe_button="true" weight="0.33" sideWeight="0.5" order="7" side_tool="true" content_ui="tabs" />
      <window_info id="Version Control" active="false" anchor="bottom" auto_hide="false" internal_type="DOCKED" type="DOCKED" visible="false" show_stripe_button="true" weight="0.33" sideWeight="0.5" order="7" side_tool="false" content_ui="tabs" />
      <window_info id="Structure" active="false" anchor="left" auto_hide="false" internal_type="DOCKED" type="DOCKED" visible="false" show_stripe_button="true" weight="0.25" sideWeight="0.5" order="1" side_tool="false" content_ui="tabs" />
      <window_info id="Terminal" active="false" anchor="bottom" auto_hide="false" internal_type="DOCKED" type="DOCKED" visible="false" show_stripe_button="true" weight="0.33" sideWeight="0.5" order="7" side_tool="false" content_ui="tabs" />
      <window_info id="Favorites" active="false" anchor="left" auto_hide="false" internal_type="DOCKED" type="DOCKED" visible="false" show_stripe_button="true" weight="0.33" sideWeight="0.5" order="2" side_tool="true" content_ui="tabs" />
      <window_info id="Cvs" active="false" anchor="bottom" auto_hide="false" internal_type="DOCKED" type="DOCKED" visible="false" show_stripe_button="true" weight="0.25" sideWeight="0.5" order="4" side_tool="false" content_ui="tabs" />
      <window_info id="Message" active="false" anchor="bottom" auto_hide="false" internal_type="DOCKED" type="DOCKED" visible="false" show_stripe_button="true" weight="0.33" sideWeight="0.5" order="0" side_tool="false" content_ui="tabs" />
      <window_info id="Commander" active="false" anchor="right" auto_hide="false" internal_type="SLIDING" type="SLIDING" visible="false" show_stripe_button="true" weight="0.4" sideWeight="0.5" order="0" side_tool="false" content_ui="tabs" />
      <window_info id="Inspection" active="false" anchor="bottom" auto_hide="false" internal_type="DOCKED" type="DOCKED" visible="false" show_stripe_button="true" weight="0.4" sideWeight="0.5" order="5" side_tool="false" content_ui="tabs" />
      <window_info id="Run" active="false" anchor="bottom" auto_hide="false" internal_type="DOCKED" type="DOCKED" visible="false" show_stripe_button="true" weight="0.33" sideWeight="0.5" order="2" side_tool="false" content_ui="tabs" />
      <window_info id="Hierarchy" active="false" anchor="right" auto_hide="false" internal_type="DOCKED" type="DOCKED" visible="false" show_stripe_button="true" weight="0.25" sideWeight="0.5" order="2" side_tool="false" content_ui="combo" />
      <window_info id="Find" active="false" anchor="bottom" auto_hide="false" internal_type="DOCKED" type="DOCKED" visible="false" show_stripe_button="true" weight="0.33" sideWeight="0.5" order="1" side_tool="false" content_ui="tabs" />
      <window_info id="Ant Build" active="false" anchor="right" auto_hide="false" internal_type="DOCKED" type="DOCKED" visible="false" show_stripe_button="true" weight="0.25" sideWeight="0.5" order="1" side_tool="false" content_ui="tabs" />
      <window_info id="Debug" active="false" anchor="bottom" auto_hide="false" internal_type="DOCKED" type="DOCKED" visible="false" show_stripe_button="true" weight="0.4" sideWeight="0.5" order="3" side_tool="false" content_ui="tabs" />
    </layout>
    <layout-to-restore>
      <window_info id="TODO" active="false" anchor="bottom" auto_hide="false" internal_type="DOCKED" type="DOCKED" visible="false" show_stripe_button="true" weight="0.33" sideWeight="0.5" order="6" side_tool="false" content_ui="tabs" />
      <window_info id="Cvs" active="false" anchor="bottom" auto_hide="false" internal_type="DOCKED" type="DOCKED" visible="false" show_stripe_button="true" weight="0.25" sideWeight="0.5" order="4" side_tool="false" content_ui="tabs" />
      <window_info id="Message" active="false" anchor="bottom" auto_hide="false" internal_type="DOCKED" type="DOCKED" visible="false" show_stripe_button="true" weight="0.33" sideWeight="0.5" order="0" side_tool="false" content_ui="tabs" />
      <window_info id="Commander" active="false" anchor="right" auto_hide="false" internal_type="SLIDING" type="SLIDING" visible="false" show_stripe_button="true" weight="0.4" sideWeight="0.5" order="0" side_tool="false" content_ui="tabs" />
      <window_info id="Event Log" active="false" anchor="bottom" auto_hide="false" internal_type="DOCKED" type="DOCKED" visible="false" show_stripe_button="true" weight="0.33" sideWeight="0.5" order="7" side_tool="true" content_ui="tabs" />
      <window_info id="Inspection" active="false" anchor="bottom" auto_hide="false" internal_type="DOCKED" type="DOCKED" visible="false" show_stripe_button="true" weight="0.4" sideWeight="0.5" order="5" side_tool="false" content_ui="tabs" />
      <window_info id="Version Control" active="false" anchor="bottom" auto_hide="false" internal_type="DOCKED" type="DOCKED" visible="false" show_stripe_button="true" weight="0.33" sideWeight="0.5" order="8" side_tool="false" content_ui="tabs" />
      <window_info id="Run" active="false" anchor="bottom" auto_hide="false" internal_type="DOCKED" type="DOCKED" visible="false" show_stripe_button="true" weight="0.33" sideWeight="0.5" order="2" side_tool="false" content_ui="tabs" />
      <window_info id="Terminal" active="false" anchor="bottom" auto_hide="false" internal_type="DOCKED" type="DOCKED" visible="false" show_stripe_button="true" weight="0.33" sideWeight="0.5" order="9" side_tool="false" content_ui="tabs" />
      <window_info id="Project" active="false" anchor="left" auto_hide="false" internal_type="DOCKED" type="DOCKED" visible="true" show_stripe_button="true" weight="0.10322108" sideWeight="0.5" order="0" side_tool="false" content_ui="tabs" />
      <window_info id="Hierarchy" active="false" anchor="right" auto_hide="false" internal_type="DOCKED" type="DOCKED" visible="false" show_stripe_button="true" weight="0.25" sideWeight="0.5" order="2" side_tool="false" content_ui="combo" />
      <window_info id="Find" active="false" anchor="bottom" auto_hide="false" internal_type="DOCKED" type="DOCKED" visible="false" show_stripe_button="true" weight="0.33" sideWeight="0.5" order="1" side_tool="false" content_ui="tabs" />
      <window_info id="Structure" active="false" anchor="left" auto_hide="false" internal_type="DOCKED" type="DOCKED" visible="false" show_stripe_button="true" weight="0.25" sideWeight="0.5" order="1" side_tool="false" content_ui="tabs" />
      <window_info id="Ant Build" active="false" anchor="right" auto_hide="false" internal_type="DOCKED" type="DOCKED" visible="false" show_stripe_button="true" weight="0.25" sideWeight="0.5" order="1" side_tool="false" content_ui="tabs" />
      <window_info id="Favorites" active="false" anchor="left" auto_hide="false" internal_type="DOCKED" type="DOCKED" visible="false" show_stripe_button="true" weight="0.33" sideWeight="0.5" order="2" side_tool="true" content_ui="tabs" />
      <window_info id="Debug" active="false" anchor="bottom" auto_hide="false" internal_type="DOCKED" type="DOCKED" visible="false" show_stripe_button="true" weight="0.4" sideWeight="0.5" order="3" side_tool="false" content_ui="tabs" />
    </layout-to-restore>
  </component>
  <component name="Vcs.Log.UiProperties">
    <option name="RECENTLY_FILTERED_USER_GROUPS">
      <collection />
    </option>
    <option name="RECENTLY_FILTERED_BRANCH_GROUPS">
      <collection />
    </option>
  </component>
  <component name="VcsContentAnnotationSettings">
    <option name="myLimit" value="2678400000" />
  </component>
  <component name="XDebuggerManager">
    <breakpoint-manager />
    <watches-manager />
  </component>
  <component name="editorHistoryManager">
    <entry file="file://$PROJECT_DIR$/page2.html">
      <provider selected="true" editor-type-id="text-editor">
        <state relative-caret-position="187">
          <caret line="11" column="0" selection-start-line="11" selection-start-column="0" selection-end-line="11" selection-end-column="0" />
          <folding />
        </state>
      </provider>
    </entry>
    <entry file="file://$PROJECT_DIR$/page1.html">
      <provider selected="true" editor-type-id="text-editor">
        <state relative-caret-position="136">
          <caret line="8" column="0" selection-start-line="8" selection-start-column="0" selection-end-line="8" selection-end-column="0" />
          <folding />
        </state>
      </provider>
    </entry>
    <entry file="file://$PROJECT_DIR$/Styles.css">
      <provider selected="true" editor-type-id="text-editor">
        <state relative-caret-position="306">
          <caret line="18" column="1" selection-start-line="18" selection-start-column="1" selection-end-line="18" selection-end-column="1" />
          <folding />
        </state>
      </provider>
    </entry>
    <entry file="file://$PROJECT_DIR$/.idea/StyleProject.iml">
      <provider selected="true" editor-type-id="text-editor">
        <state relative-caret-position="0">
          <caret line="0" column="0" selection-start-line="0" selection-start-column="0" selection-end-line="0" selection-end-column="0" />
          <folding />
        </state>
      </provider>
    </entry>
    <entry file="file://$PROJECT_DIR$/page2.html">
      <provider selected="true" editor-type-id="text-editor">
        <state relative-caret-position="187">
          <caret line="11" column="0" selection-start-line="11" selection-start-column="0" selection-end-line="11" selection-end-column="0" />
          <folding />
        </state>
      </provider>
    </entry>
    <entry file="file://$PROJECT_DIR$/page1.html">
      <provider selected="true" editor-type-id="text-editor">
        <state relative-caret-position="136">
          <caret line="8" column="0" selection-start-line="8" selection-start-column="0" selection-end-line="8" selection-end-column="0" />
          <folding />
        </state>
      </provider>
    </entry>
    <entry file="file://$PROJECT_DIR$/Styles.css">
      <provider selected="true" editor-type-id="text-editor">
        <state relative-caret-position="306">
          <caret line="18" column="1" selection-start-line="18" selection-start-column="1" selection-end-line="18" selection-end-column="1" />
          <folding />
        </state>
      </provider>
    </entry>
    <entry file="file://$PROJECT_DIR$/.idea/StyleProject.iml">
      <provider selected="true" editor-type-id="text-editor">
        <state relative-caret-position="0">
          <caret line="0" column="0" selection-start-line="0" selection-start-column="0" selection-end-line="0" selection-end-column="0" />
          <folding />
        </state>
      </provider>
    </entry>
    <entry file="file://$PROJECT_DIR$/page2.html">
      <provider selected="true" editor-type-id="text-editor">
        <state relative-caret-position="187">
          <caret line="11" column="0" selection-start-line="11" selection-start-column="0" selection-end-line="11" selection-end-column="0" />
          <folding />
        </state>
      </provider>
    </entry>
    <entry file="file://$PROJECT_DIR$/page1.html">
      <provider selected="true" editor-type-id="text-editor">
        <state relative-caret-position="136">
          <caret line="8" column="0" selection-start-line="8" selection-start-column="0" selection-end-line="8" selection-end-column="0" />
          <folding />
        </state>
      </provider>
    </entry>
    <entry file="file://$PROJECT_DIR$/Styles.css">
      <provider selected="true" editor-type-id="text-editor">
        <state relative-caret-position="306">
          <caret line="18" column="1" selection-start-line="18" selection-start-column="1" selection-end-line="18" selection-end-column="1" />
          <folding />
        </state>
      </provider>
    </entry>
    <entry file="file://$PROJECT_DIR$/.idea/StyleProject.iml">
      <provider selected="true" editor-type-id="text-editor">
        <state relative-caret-position="0">
          <caret line="0" column="0" selection-start-line="0" selection-start-column="0" selection-end-line="0" selection-end-column="0" />
          <folding />
        </state>
      </provider>
    </entry>
    <entry file="file://$PROJECT_DIR$/page2.html">
      <provider selected="true" editor-type-id="text-editor">
        <state relative-caret-position="187">
          <caret line="11" column="0" selection-start-line="11" selection-start-column="0" selection-end-line="11" selection-end-column="0" />
          <folding />
        </state>
      </provider>
    </entry>
    <entry file="file://$PROJECT_DIR$/page1.html">
      <provider selected="true" editor-type-id="text-editor">
        <state relative-caret-position="136">
          <caret line="8" column="0" selection-start-line="8" selection-start-column="0" selection-end-line="8" selection-end-column="0" />
          <folding />
        </state>
      </provider>
    </entry>
    <entry file="file://$PROJECT_DIR$/Styles.css">
      <provider selected="true" editor-type-id="text-editor">
        <state relative-caret-position="0">
          <caret line="0" column="0" selection-start-line="0" selection-start-column="0" selection-end-line="0" selection-end-column="0" />
          <folding />
        </state>
      </provider>
    </entry>
    <entry file="file://$PROJECT_DIR$/.idea/StyleProject.iml">
      <provider selected="true" editor-type-id="text-editor">
        <state relative-caret-position="119">
          <caret line="7" column="9" selection-start-line="7" selection-start-column="9" selection-end-line="7" selection-end-column="9" />
          <folding />
        </state>
      </provider>
    </entry>
    <entry file="file://$PROJECT_DIR$/page2.html">
      <provider selected="true" editor-type-id="text-editor">
        <state relative-caret-position="187">
          <caret line="11" column="0" selection-start-line="11" selection-start-column="0" selection-end-line="11" selection-end-column="0" />
          <folding />
        </state>
      </provider>
    </entry>
    <entry file="file://$PROJECT_DIR$/page1.html">
      <provider selected="true" editor-type-id="text-editor">
        <state relative-caret-position="136">
          <caret line="8" column="0" selection-start-line="8" selection-start-column="0" selection-end-line="8" selection-end-column="0" />
          <folding />
        </state>
      </provider>
    </entry>
    <entry file="file://$PROJECT_DIR$/Styles.css">
      <provider selected="true" editor-type-id="text-editor">
        <state relative-caret-position="306">
          <caret line="18" column="1" selection-start-line="18" selection-start-column="1" selection-end-line="18" selection-end-column="1" />
          <folding />
        </state>
      </provider>
    </entry>
    <entry file="file://$PROJECT_DIR$/page2.html">
      <provider selected="true" editor-type-id="text-editor">
        <state relative-caret-position="187">
          <caret line="11" column="0" selection-start-line="11" selection-start-column="0" selection-end-line="11" selection-end-column="0" />
          <folding />
        </state>
      </provider>
    </entry>
    <entry file="file://$USER_HOME$/AppData/Local/Temp/Temp1_StylesAssignment.zip/.idea/CSS Assignment.iml" />
    <entry file="file://$PROJECT_DIR$/.idea/StyleProject.iml">
      <provider selected="true" editor-type-id="text-editor">
        <state relative-caret-position="0">
          <caret line="0" column="0" selection-start-line="0" selection-start-column="0" selection-end-line="0" selection-end-column="0" />
          <folding />
        </state>
      </provider>
    </entry>
    <entry file="file://$PROJECT_DIR$/page1.html">
      <provider selected="true" editor-type-id="text-editor">
        <state relative-caret-position="136">
          <caret line="8" column="0" selection-start-line="8" selection-start-column="0" selection-end-line="8" selection-end-column="0" />
          <folding />
        </state>
      </provider>
    </entry>
    <entry file="file://$PROJECT_DIR$/Styles.css">
      <provider selected="true" editor-type-id="text-editor">
        <state relative-caret-position="493">
          <caret line="29" column="21" selection-start-line="29" selection-start-column="21" selection-end-line="29" selection-end-column="21" />
          <folding />
        </state>
      </provider>
    </entry>
    <entry file="file://$PROJECT_DIR$/.idea/StyleProject.iml">
      <provider selected="true" editor-type-id="text-editor">
        <state relative-caret-position="0">
          <caret line="0" column="0" selection-start-line="0" selection-start-column="0" selection-end-line="0" selection-end-column="0" />
          <folding />
        </state>
      </provider>
    </entry>
    <entry file="file://$PROJECT_DIR$/page2.html">
      <provider selected="true" editor-type-id="text-editor">
        <state relative-caret-position="0">
          <caret line="0" column="0" selection-start-line="0" selection-start-column="0" selection-end-line="0" selection-end-column="0" />
          <folding />
        </state>
      </provider>
    </entry>
    <entry file="file://$PROJECT_DIR$/page1.html">
      <provider selected="true" editor-type-id="text-editor">
        <state relative-caret-position="136">
          <caret line="8" column="0" selection-start-line="8" selection-start-column="0" selection-end-line="8" selection-end-column="0" />
          <folding />
        </state>
      </provider>
    </entry>
    <entry file="file://$PROJECT_DIR$/Styles.css">
      <provider selected="true" editor-type-id="text-editor">
        <state relative-caret-position="493">
          <caret line="29" column="21" selection-start-line="29" selection-start-column="21" selection-end-line="29" selection-end-column="21" />
          <folding />
        </state>
      </provider>
    </entry>
    <entry file="file://$PROJECT_DIR$/.idea/StyleProject.iml">
      <provider selected="true" editor-type-id="text-editor">
        <state relative-caret-position="0">
          <caret line="0" column="0" selection-start-line="0" selection-start-column="0" selection-end-line="0" selection-end-column="0" />
          <folding />
        </state>
      </provider>
    </entry>
    <entry file="file://$PROJECT_DIR$/page2.html">
      <provider selected="true" editor-type-id="text-editor">
        <state relative-caret-position="187">
          <caret line="11" column="0" selection-start-line="11" selection-start-column="0" selection-end-line="11" selection-end-column="0" />
          <folding />
        </state>
      </provider>
    </entry>
    <entry file="file://$PROJECT_DIR$/page1.html">
      <provider selected="true" editor-type-id="text-editor">
        <state relative-caret-position="493">
          <caret line="29" column="7" selection-start-line="29" selection-start-column="7" selection-end-line="29" selection-end-column="7" />
          <folding />
        </state>
      </provider>
    </entry>
    <entry file="file://$PROJECT_DIR$/page2.html">
      <provider selected="true" editor-type-id="text-editor">
        <state relative-caret-position="476">
          <caret line="28" column="7" selection-start-line="28" selection-start-column="7" selection-end-line="28" selection-end-column="7" />
          <folding />
        </state>
      </provider>
    </entry>
    <entry file="file://$PROJECT_DIR$/page1CSS.html" />
    <entry file="file://$PROJECT_DIR$/page2CSS.html" />
    <entry file="file://$PROJECT_DIR$/.idea/.name">
      <provider selected="true" editor-type-id="text-editor">
        <state relative-caret-position="0">
          <caret line="0" column="0" selection-start-line="0" selection-start-column="0" selection-end-line="0" selection-end-column="0" />
        </state>
      </provider>
    </entry>
    <entry file="file://$PROJECT_DIR$/.idea/workspace.xml">
      <provider selected="true" editor-type-id="text-editor">
        <state relative-caret-position="0">
          <caret line="0" column="0" selection-start-line="0" selection-start-column="0" selection-end-line="0" selection-end-column="0" />
        </state>
      </provider>
    </entry>
    <entry file="file://$PROJECT_DIR$/.idea/modules.xml">
      <provider selected="true" editor-type-id="text-editor">
        <state relative-caret-position="0">
          <caret line="0" column="0" selection-start-line="0" selection-start-column="0" selection-end-line="0" selection-end-column="0" />
        </state>
      </provider>
    </entry>
    <entry file="file://$PROJECT_DIR$/styles/styles" />
    <entry file="file://$USER_HOME$/AppData/Local/Temp/Temp1_StylesAssignment.zip/.idea/CSS Assignment.iml" />
    <entry file="file://$PROJECT_DIR$/../MY112Projects/CSS Assignment.iml" />
    <entry file="file://$USER_HOME$/AppData/Local/Temp/Temp1_CSS Assignment.zip/CSS Assignment.iml" />
    <entry file="file://$PROJECT_DIR$/Styles" />
    <entry file="file://$PROJECT_DIR$/../StylesProject/StyleProject.iml" />
    <entry file="file://$PROJECT_DIR$/../StylesProject/page1.html" />
    <entry file="file://$PROJECT_DIR$/../StylesProject/Styles.css" />
    <entry file="file://$PROJECT_DIR$/../StylesProject/page2.html" />
    <entry file="file://$PROJECT_DIR$/../ZiatyCSSAssignment/Styles/.idea/Styles.iml" />
    <entry file="file://$PROJECT_DIR$/.idea/StyleProject.iml">
      <provider selected="true" editor-type-id="text-editor">
        <state relative-caret-position="119">
          <caret line="7" column="9" selection-start-line="7" selection-start-column="9" selection-end-line="7" selection-end-column="9" />
          <folding />
        </state>
      </provider>
    </entry>
    <entry file="file://$PROJECT_DIR$/page1.html">
      <provider selected="true" editor-type-id="text-editor">
        <state relative-caret-position="478">
          <caret line="32" column="7" selection-start-line="32" selection-start-column="7" selection-end-line="32" selection-end-column="7" />
          <folding />
        </state>
      </provider>
    </entry>
    <entry file="file://$PROJECT_DIR$/Styles.css">
      <provider selected="true" editor-type-id="text-editor">
        <state relative-caret-position="272">
          <caret line="16" column="29" selection-start-line="16" selection-start-column="29" selection-end-line="16" selection-end-column="29" />
          <folding />
        </state>
      </provider>
    </entry>
    <entry file="file://$PROJECT_DIR$/page2.html">
      <provider selected="true" editor-type-id="text-editor">
        <state relative-caret-position="34">
          <caret line="2" column="6" selection-start-line="2" selection-start-column="6" selection-end-line="2" selection-end-column="6" />
          <folding />
        </state>
      </provider>
    </entry>
  </component>
</project>